player_name,player_id
LeBron James,1
Delonte West,2
Mo Williams,3
Zydrunas Ilgauskas,4
Ben Wallace,5
Ray Allen,6
Paul Pierce,7
Kevin Garnett,8
Rajon Rondo,9
Kendrick Perkins,10
Michael Redd,11
Richard Jefferson,12
Luke Ridnour,13
Andrew Bogut,14
Charlie Villanueva,15
Tyrus Thomas,16
Luol Deng,17
Derrick Rose,18
Drew Gooden,19
Thabo Sefolosha,20
Brandon Roy,21
Travis Outlaw,22
LaMarcus Aldridge,23
Steve Blake,24
Greg Oden,25
Pau Gasol,26
Kobe Bryant,27
Andrew Bynum,28
Derek Fisher,29
Vladimir Radmanovi?,30
Chris Bosh,31
Anthony Parker,32
Jermaine O'Neal,33
José Calderón,34
Jamario Moon,35
Andre Iguodala,36
Elton Brand,37
Andre Miller,38
Samuel Dalembert,39
Thaddeus Young,40
Vince Carter,41
Yi Jianlian,42
Devin Harris,43
Josh Boone,44
Bobby Simmons,45
Caron Butler,46
Antawn Jamison,47
DeShawn Stevenson,48
Antonio Daniels,49
Etan Thomas,50
Maurice Evans,51
Josh Smith,52
Joe Johnson,53
Mike Bibby,54
Al Horford,55
Dwight Howard,56
Hedo Türko?lu,57
Mickaël Piétrus,58
Jameer Nelson,59
Rashard Lewis,60
Dwyane Wade,61
Udonis Haslem,62
Shawn Marion,63
Mario Chalmers,64
Michael Beasley,65
Jamal Crawford,66
Chris Duhon,67
David Lee,68
Zach Randolph,69
Quentin Richardson,70
Amar'e Stoudemire,71
Steve Nash,72
Raja Bell,73
Shaquille O'Neal,74
Matt Barnes,75
Tim Duncan,76
Tony Parker,77
Michael Finley,78
Kurt Thomas,79
Bruce Bowen,80
Kevin Durant,81
Nick Collison,82
Jeff Green,83
Earl Watson,84
Johan Petro,85
John Salmons,86
Kevin Martin,87
Beno Udrih,88
Spencer Hawes,89
Mikki Moore,90
Al Jefferson,91
Randy Foye,92
Mike Miller,93
Ryan Gomes,94
Corey Brewer,95
Danny Granger,96
Troy Murphy,97
Marquis Daniels,98
T.J. Ford,99
Rasho Nesterovi?,100
Chauncey Billups,101
Rasheed Wallace,102
Richard Hamilton,103
Tayshaun Prince,104
Amir Johnson,105
Rudy Gay,106
O.J. Mayo,107
Marc Gasol,108
Mike Conley,109
Darko Mili?i?,110
Metta World Peace,111
Yao Ming,112
Rafer Alston,113
Tracy McGrady,114
Luis Scola,115
Allen Iverson,116
Anthony Carter,117
Kenyon Martin,118
Nenê,119
Linas Kleiza,120
Mehmet Okur,121
Carlos Boozer,122
Ronnie Price,123
Ronnie Brewer,124
C.J. Miles,125
Al Thornton,126
Chris Kaman,127
Baron Davis,128
Cuttino Mobley,129
Tim Thomas,130
David West,131
Chris Paul,132
Tyson Chandler,133
Peja Stojakovi?,134
Morris Peterson,135
Stephen Jackson,136
Al Harrington,137
Corey Maggette,138
Andris Biedri?š,139
DeMarcus Nelson,140
Emeka Okafor,141
Raymond Felton,142
Gerald Wallace,143
Jason Richardson,144
Sean May,145
Josh Howard,146
Dirk Nowitzki,147
Jason Kidd,148
Erick Dampier,149
Antoine Wright,150
Hilton Armstrong,151
Darrell Arthur,152
Matt Bonner,153
Joel Przybilla,154
Marvin Williams,155
Jared Dudley,156
Jerry Stackhouse,157
Rasual Butler,158
Ramon Sessions,159
Carmelo Anthony,160
Jason Hart,161
Rodney Stuckey,162
Mike Taylor,163
Jason Terry,164
Grant Hill,165
Jeff Foster,166
Andray Blatche,167
Charlie Bell,168
Nicolas Batum,169
Dahntay Jones,170
Ronny Turiaf,171
Marcus Camby,172
Wilson Chandler,173
Roger Mason,174
Robin Lopez,175
Kirk Hinrich,176
Aaron Gray,177
Kevin Love,178
Sebastian Telfair,179
Brad Miller,180
C.J. Watson,181
Kelenna Azubuike,182
Brandan Wright,183
Keyon Dooling,184
Juan Dixon,185
Ben Gordon,186
Gerald Green,187
Zaza Pachulia,188
Yakhouba Diawara,189
Deron Williams,190
Kosta Koufos,191
Joakim Noah,192
George Hill,193
Fabricio Oberto,194
Ime Udoka,195
Jason Thompson,196
Brandon Rush,197
Luc Mbah a Moute,198
Desmond Mason,199
Kwame Brown,200
Matt Carroll,201
Brook Lopez,202
Robert Swift,203
Aaron Brooks,204
Goran Dragi?,205
Anthony Morrow,206
Will Solomon,207
Andrea Bargnani,208
Jason Collins,209
Jarron Collins,210
JJ Redick,211
Brian Scalabrine,212
Bobby Jackson,213
JaVale McGee,214
Dee Brown,215
James Singleton,216
Chuck Hayes,217
Donté Greene,218
Larry Hughes,219
Ricky Davis,220
D.J. Augustin,221
Alexis Ajinça,222
Nate Robinson,223
Keith Bogans,224
Paul Millsap,225
Damien Wilkins,226
Eric Gordon,227
Dan Gadzuric,228
Anthony Johnson,229
Shane Battier,230
Joel Anthony,231
Sean Singletary,232
Marco Belinelli,233
Russell Westbrook,234
Chris Wilcox,235
Luther Head,236
Devean George,237
Manu Ginóbili,238
Francisco García,239
Kevin Ollie,240
Malik Allen,241
Leandro Barbosa,242
J.J. Barea,243
Marreese Speights,244
Kyle Lowry,245
Renaldo Balkman,246
Von Wafer,247
Quinton Ross,248
Craig Smith,249
Rashad McCants,250
Jason Kapono,251
Adam Morrison,252
Willie Green,253
Luke Walton,254
Ryan Hollins,255
Anderson Varejão,256
Boris Diaw,257
Roy Hibbert,258
Rob Kurz,259
Marcin Gortat,260
Morris Almond,261
Juwan Howard,262
Lamar Odom,263
Jarrett Jack,264
Mike James,265
Devin Brown,266
Stephen Graham,267
Trenton Hassell,268
Andrés Nocioni,269
J.R. Smith,270
Brian Skinner,271
Joe Smith,272
Dominic McGuire,273
Kareem Rush,274
Kyrylo Fesenko,275
Andrei Kirilenko,276
Leon Powe,277
Nick Young,278
Jared Jeffries,279
Chris Andersen,280
Rudy Fernández,281
Paul Davis,282
Mardy Collins,283
Brent Barry,284
Daequan Cook,285
Fred Jones,286
Trevor Ariza,287
Darius Songaila,288
Courtney Lee,289
Joey Graham,290
Anthony Randolph,291
Ryan Anderson,292
Lorenzen Wright,293
Mike Dunleavy,294
Sergio Rodríguez,295
Sasha Pavlovi?,296
Nenad Krsti?,297
DeAndre Jordan,298
Sean Marks,299
Melvin Ely,300
Monta Ellis,301
Jamaal Magloire,302
Julian Wright,303
Francisco Elson,304
Kyle Weaver,305
Glen Davis,306
Bobby Brown,307
Wally Szczerbiak,308
Kyle Korver,309
Ryan Bowen,310
Javaris Crittenton,311
Acie Law,312
Hakim Warrick,313
Jarvis Hayes,314
Danilo Gallinari,315
DeSagana Diop,316
Arron Afflalo,317
Antonio McDyess,318
Tarence Kinsey,319
James Jones,320
Steve Novak,321
Ronald Murray,322
Alando Tucker,323
Stephon Marbury,324
Jason Maxiell,325
Josh Powell,326
Dikembe Mutombo,327
Channing Frye,328
Will Bynum,329
Jake Voskuhl,330
Rodney Carney,331
Brian Cardinal,332
Gilbert Arenas,333
Reggie Evans,334
Brendan Haywood,335
Darnell Jackson,336
Cartier Martin,337
Patrick O'Bryant,338
Mario West,339
Tony Battie,340
Chris Douglas-Roberts,341
Matt Harpring,342
Tony Allen,343
Ike Diogu,344
Mark Madsen,345
Nazr Mohammed,346
Shaun Livingston,347
Solomon Jones,348
Jordan Farmar,349
Martell Webster,350
DeMar DeRozan,351
Lou Williams,352
Tyreke Evans,353
Jonny Flynn,354
Stephen Curry,355
Brandon Jennings,356
Carlos Delfino,357
Oleksiy Pecherov,358
Jonas Jerebko,359
Taj Gibson,360
Eduardo Nájera,361
Rodrigue Beaubois,362
J.J. Hickson,363
D.J. Mbenga,364
Brandon Bass,365
Theo Ratliff,366
Wayne Ellington,367
Terrence Williams,368
Toney Douglas,369
DeJuan Blair,370
Wesley Matthews,371
Eric Maynor,372
Nathan Jawai,373
Darren Collison,374
Jason Williams,375
Ersan İlyasova,376
Jrue Holiday,377
Jason Smith,378
Austin Daye,379
Chucky Atkins,380
James Posey,381
Kenny Thomas,382
Sam Young,383
Jamaal Tinsley,384
Dante Cunningham,385
Carlos Arroyo,386
Chase Budinger,387
Omri Casspi,388
Chris Hunter,389
Ty Lawson,390
Jerryd Bayless,391
DeMarre Carroll,392
Josh McRoberts,393
J.R. Giddens,394
Jeff Ayres,395
Earl Boykins,396
Marcus Williams,397
Jon Brockman,398
Tyler Hansbrough,399
Anthony Tolliver,400
Daniel Gibson,401
Marcus Thornton,402
Sonny Weems,403
Jawad Williams,404
A.J. Price,405
Coby Karl,406
Shannon Brown,407
Carl Landry,408
Dorell Wright,409
James Johnson,410
Henry Walker,411
Jannero Pargo,412
Jeff Teague,413
Hasheem Thabeet,414
Jonathan Bender,415
Reggie Williams,416
Alonzo Gee,417
Jermaine Taylor,418
Earl Barron,419
Garrett Temple,420
Sasha Vuja?i?,421
Landry Fields,422
Timofey Mozgov,423
DeMarcus Cousins,424
Shelden Williams,425
Blake Griffin,426
John Wall,427
Eric Bledsoe,428
Wesley Johnson,429
Gary Forbes,430
Jordan Hill,431
Evan Turner,432
Ish Smith,433
Serge Ibaka,434
Kris Humphries,435
Al-Farouq Aminu,436
Gordon Hayward,437
James Harden,438
Xavier Henry,439
Larry Sanders,440
Joey Dorsey,441
Jodie Meeks,442
Trevor Booker,443
Kevin Séraphin,444
Semih Erden,445
Damion James,446
Greg Monroe,447
Ed Davis,448
Lou Amundson,449
Gerald Henderson,450
Manny Harris,451
Derrick Favors,452
Derrick Brown,453
Josh Childress,454
Christian Eyenga,455
Shawne Williams,456
Eugene Jeter,457
Quincy Pondexter,458
Nikola Pekovi?,459
DaJuan Summers,460
Samardo Samuels,461
Ekpe Udoh,462
Jordan Crawford,463
Jeremy Evans,464
Paul George,465
James Anderson,466
Patrick Patterson,467
Tiago Splitter,468
Othyus Jeffers,469
Gary Neal,470
Eddie House,471
Chris Johnson,472
Greivis Vásquez,473
Devin Ebanks,474
Kyrie Irving,475
D.J. White,476
Sundiata Gaines,477
Jeremy Pargo,478
Josh Harrellson,479
Klay Thompson,480
Greg Stiemsma,481
MarShon Brooks,482
Brandon Knight,483
Charles Jenkins,484
Iman Shumpert,485
Chandler Parsons,486
Chris Singleton,487
Jimmer Fredette,488
John Lucas III,489
Kawhi Leonard,490
Byron Mullens,491
Jon Leuer,492
Ricky Rubio,493
Kemba Walker,494
Nikola Vu?evi?,495
Markieff Morris,496
Avery Bradley,497
?mer A?ık,498
Derrick Williams,499
Jan Veselý,500
Mychel Thompson,501
Ian Mahinmi,502
Lavoy Allen,503
Bismack Biyombo,504
Jeremy Lin,505
Gustavo Ayón,506
Julyan Stone,507
Kenneth Faried,508
Norris Cole,509
Danny Green,510
Isaiah Thomas,511
Cory Joseph,512
Tobias Harris,513
Dominique Jones,514
Tristan Thompson,515
Dexter Pittman,516
Jeremy Tyler,517
Lance Thomas,518
Nolan Smith,519
Donald Sloan,520
Alan Anderson,521
Ben Uzoh,522
Jordan Hamilton,523
Patty Mills,524
Luke Harangody,525
Daniel Orton,526
Terrel Harris,527
Jordan Williams,528
Luke Babbitt,529
Mickell Gladness,530
Lance Stephenson,531
Craig Brackins,532
Jerome Dyson,533
Earl Clark,534
Eddy Curry,535
Chris Wright,536
Bradley Beal,537
Dion Waiters,538
Jonas Valan?iūnas,539
Marcus Morris,540
Anthony Davis,541
Austin Rivers,542
Harrison Barnes,543
Damian Lillard,544
Michael Kidd-Gilchrist,545
Jared Sullinger,546
Festus Ezeli,547
E'Twaun Moore,548
DeQuan Jones,549
Jeff Taylor,550
Darius Miller,551
Jae Crowder,552
Malcolm Lee,553
Darius Morris,554
Kyle Singler,555
Maurice Harkless,556
Meyers Leonard,557
John Henson,558
Nando De Colo,559
Enes Freedom,560
Victor Claver,561
Alexey Shved,562
Chris Copeland,563
Tyler Zeller,564
Maalik Wayns,565
Joel Freeland,566
Andrew Nicholson,567
Shelvin Mack,568
James White,569
P.J. Tucker,570
Robert Sacre,571
DeAndre Liggins,572
Jimmy Butler,573
John Jenkins,574
Royal Ivey,575
Ivan Johnson,576
Bernard James,577
Jeff Adrien,578
Mickaël Gelabale,579
Evan Fournier,580
Donatas Motiejūnas,581
Draymond Green,582
Terrence Ross,583
Brian Roberts,584
Pablo Prigioni,585
Kyle O'Quinn,586
Kendall Marshall,587
Andre Drummond,588
Greg Smith,589
Will Barton,590
Mike Scott,591
Perry Jones,592
Patrick Beverley,593
Andrew Goudelock,594
Reggie Jackson,595
Aron Baynes,596
Vítor Luiz Faverani,597
Michael Carter-Williams,598
Khris Middleton,599
Miles Plumlee,600
Nate Wolters,601
Kelly Olynyk,602
Terrence Jones,603
Tony Wroten,604
Robbie Hummel,605
Ben McLemore,606
Steven Adams,607
Alec Burks,608
Kentavious Caldwell-Pope,609
Andre Roberson,610
Victor Oladipo,611
Matthew Dellavedova,612
Trey Burke,613
Tony Snell,614
Sergey Karasev,615
Tyshawn Taylor,616
Gal Mekel,617
Hollis Thompson,618
Tim Hardaway Jr.,619
Glen Rice Jr.,620
Marquis Teague,621
Mirza Teletovi?,622
Giannis Antetokounmpo,623
Miroslav Raduljica,624
Elliot Williams,625
Pero Anti?,626
Quincy Miller,627
Mason Plumlee,628
Phil Pressey,629
Ryan Kelly,630
Nick Calathes,631
Arnett Moultrie,632
Kent Bazemore,633
Henry Sims,634
Alex Len,635
Cole Aldrich,636
Gorgui Dieng,637
Jeff Withey,638
Ray McCallum,639
Cody Zeller,640
Dewayne Dedmon,641
Jorge Gutiérrez,642
Adonis Thomas,643
Troy Daniels,644
Elfrid Payton,645
Jabari Parker,646
Nerlens Noel,647
Solomon Hill,648
Bojan Bogdanovi?,649
Shane Larkin,650
Andrew Wiggins,651
Quincy Acy,652
Isaiah Canaan,653
Brandon Davies,654
JaKarr Sampson,655
Jeremy Lamb,656
Zach LaVine,657
Kostas Papanikolaou,658
Tarik Black,659
Allen Crabbe,660
K.J. McDaniels,661
James Ennis III,662
P.J. Hairston,663
Anthony Bennett,664
Shabazz Muhammad,665
Reggie Bullock,666
Cameron Bairstow,667
Rodney Hood,668
Kyle Anderson,669
Justin Hamilton,670
Robert Covington,671
Cory Jefferson,672
Rudy Gobert,673
Otto Porter Jr.,674
Dennis Schröder,675
Thomas Robinson,676
Travis Wear,677
Johnny O'Bryant,678
Marcus Smart,679
Patrick Christopher,680
Nikola Miroti?,681
Joe Ingles,682
Joe Harris,683
Jarnell Stokes,684
Dante Exum,685
Jusuf Nurki?,686
Cleanthony Early,687
Devyn Marble,688
Mike Muscala,689
Shabazz Napier,690
Hassan Whiteside,691
Langston Galloway,692
Furkan Aldemir,693
Jordan Clarkson,694
Aaron Gordon,695
Larry Drew II,696
Lorenzo Brown,697
Tim Frazier,698
Elijah Millsap,699
Spencer Dinwiddie,700
Adreian Payne,701
Markel Brown,702
Gary Harris,703
Joffrey Lauvergne,704
Damjan Rudež,705
Tyler Johnson,706
JaMychal Green,707
Mitch McGary,708
Justin Holiday,709
Jerami Grant,710
Tyler Ennis,711
CJ McCollum,712
Jabari Brown,713
Archie Goodwin,714
Erick Green,715
T.J. Warren,716
Gigi Datome,717
Arinze Onuaku,718
Zoran Dragi?,719
Glenn Robinson III,720
Nik Stauskas,721
Vander Blue,722
Jahlil Okafor,723
Raul Neto,724
Kristaps Porzi?ģis,725
Emmanuel Mudiay,726
Clint Capela,727
Karl-Anthony Towns,728
Julius Randle,729
D'Angelo Russell,730
Willie Cauley-Stein,731
T.J. McConnell,732
Doug McDermott,733
Rondae Hollis-Jefferson,734
Jared Cunningham,735
Richaun Holmes,736
Trey Lyles,737
Josh Richardson,738
Montrezl Harrell,739
Justin Anderson,740
Noah Vonleh,741
Nikola Joki?,742
Devin Booker,743
Boban Marjanovi?,744
Larry Nance Jr.,745
Ian Clark,746
Anthony Brown,747
Kelly Oubre Jr.,748
Stanley Johnson,749
Justise Winslow,750
Salah Mejri,751
Myles Turner,752
Bryce Dejean-Jones,753
Norman Powell,754
Frank Kaminsky,755
Mario Hezonja,756
Willie Reed,757
Jonathon Simmons,758
Orlando Johnson,759
Briante Weber,760
Cristiano Felício,761
James Michael McAdoo,762
Darrun Hilliard,763
Seth Curry,764
Dwight Powell,765
Bobby Portis,766
Jerian Grant,767
Rashad Vaughn,768
Damien Inglis,769
Chris McCullough,770
Cameron Payne,771
Delon Wright,772
Lucas Nogueira,773
Bruno Caboclo,774
Jordan McRae,775
Pascal Siakam,776
Andrew Harrison,777
Domantas Sabonis,778
Dario ?ari?,779
Joel Embiid,780
Jarell Martin,781
Troy Williams,782
Wade Baldwin,783
Kris Dunn,784
Ivica Zubac,785
Jaylen Brown,786
Jamal Murray,787
Isaiah Whitehead,788
Tomáš Satoranský,789
Jakob Poeltl,790
Marquese Chriss,791
Dorian Finney-Smith,792
Sean Kilpatrick,793
Treveon Graham,794
Sheldon Mac,795
Nemanja Bjelica,796
Buddy Hield,797
Rodney McGruder,798
D?vis Bert?ns,799
Dejounte Murray,800
Juancho Hernangómez,801
Brandon Ingram,802
Kevon Looney,803
Nicolás Laprovíttola,804
Marcelo Huertas,805
Malcolm Brogdon,806
Patrick McCaw,807
Jordan Mickey,808
Paul Zipser,809
Mindaugas Kuzminskas,810
Ron Baker,811
Thon Maker,812
Sam Dekker,813
Pierre Jackson,814
Yogi Ferrell,815
Willy Hernangómez,816
Timothé Luwawu-Cabarrot,817
Caris LeVert,818
Malcolm Delaney,819
?lex Abrines,820
Skal Labissière,821
Derrick Jones Jr.,822
David Nwaba,823
Wayne Selden,824
Tyler Ulis,825
Taurean Prince,826
Maurice Ndour,827
Nicolás Brussino,828
Marshall Plumlee,829
Henry Ellenson,830
Pat Connaughton,831
Chinanu Onuaku,832
Semaj Christon,833
DeAndre' Bembry,834
Alex Poythress,835
Malik Beasley,836
Jake Layman,837
Jayson Tatum,838
Dwayne Bacon,839
Ben Simmons,840
Dennis Smith Jr.,841
Donovan Mitchell,842
Josh Jackson,843
Justin Jackson,844
Lauri Markkanen,845
Miloš Teodosi?,846
Lonzo Ball,847
Jonathan Isaac,848
Bam Adebayo,849
Denzel Valentine,850
Daniel Theis,851
De'Aaron Fox,852
Bogdan Bogdanovi?,853
Okaro White,854
Kyle Kuzma,855
Dillon Brooks,856
Sindarius Thornwell,857
Dakari Johnson,858
Bryn Forbes,859
Caleb Swanigan,860
OG Anunoby,861
Maxi Kleber,862
John Collins,863
Gary Payton II,864
Jordan Bell,865
Tyus Jones,866
Dragan Bender,867
Damyean Dotson,868
Jamil Wilson,869
C.J. Williams,870
Brandon Paul,871
Quinn Cook,872
Ante Žiži?,873
Tyler Cavanaugh,874
Wes Iwundu,875
Zach Collins,876
Josh Hart,877
Luke Kennard,878
Torrey Craig,879
Malachi Richardson,880
Frank Mason III,881
Jawun Evans,882
Josh Huestis,883
Terrance Ferguson,884
Eric Moreland,885
Tyrone Wallace,886
Deyonta Davis,887
Sterling Brown,888
Joe Young,889
Ivan Rabb,890
Jarrett Allen,891
Terry Rozier,892
Cedi Osman,893
Royce O'Neale,894
Tyler Dorsey,895
Malcolm Miller,896
Kobi Simmons,897
Frank Ntilikina,898
Shaquille Harrison,899
Luke Kornet,900
Isaiah Taylor,901
Guerschon Yabusele,902
Kyle Collinsworth,903
Damion Lee,904
Aaron Harrison,905
Rodney Purvis,906
Alex Caruso,907
Kadeem Allen,908
Johnathan Motley,909
Jamel Artis,910
Danuel House Jr.,911
Davon Reed,912
Abdel Nader,913
Jabari Bird,914
R.J. Hunter,915
Semi Ojeleye,916
Fred VanVleet,917
Markelle Fultz,918
Damian Jones,919
Bruce Brown,920
Trae Young,921
Luka Don?i?,922
Deandre Ayton,923
Wendell Carter Jr.,924
Josh Okogie,925
Jaren Jackson Jr.,926
Landry Shamet,927
Chandler Hutchison,928
Mitchell Robinson,929
Jalen Brunson,930
Elie Okobo,931
Grayson Allen,932
Omari Spellman,933
Allonzo Trier,934
Shai Gilgeous-Alexander,935
Kevin Huerter,936
Collin Sexton,937
Derrick White,938
Ryan Arcidiacono,939
Kevin Knox,940
Mikal Bridges,941
Monte Morris,942
Hamidou Diallo,943
Thomas Bryant,944
De'Anthony Melton,945
Jaron Blossomgame,946
Furkan Korkmaz,947
Rodions Kurucs,948
Mo Bamba,949
Daniel Hamilton,950
Devonte' Graham,951
Jonah Bolden,952
Jevon Carter,953
Gary Clark,954
Marvin Bagley III,955
Edmond Sumner,956
Frank Jackson,957
Alfonzo McKinnie,958
Kenrich Williams,959
Deng Adel,960
Julian Washburn,961
Chasson Randle,962
Miles Bridges,963
Duncan Robinson,964
Keita Bates-Diop,965
Moritz Wagner,966
Antonio Blakeney,967
Troy Brown Jr.,968
Robert Williams,969
Cheick Diallo,970
Brandon Sampson,971
Bonzie Colson,972
D.J. Wilson,973
Walt Lemon Jr.,974
Ray Spalding,975
Rawle Alkins,976
Jaylen Adams,977
Isaac Humphries,978
Christian Wood,979
Jemerrio Jones,980
Zhaire Smith,981
Jacob Evans,982
T.J. Leaf,983
Khem Birch,984
Anfernee Simons,985
Gary Trent Jr.,986
P.J. Washington,987
Darius Garland,988
Ja Morant,989
Tyler Herro,990
Kendrick Nunn,991
Rui Hachimura,992
Isaac Bonga,993
RJ Barrett,994
De'Andre Hunter,995
Cam Reddish,996
Matisse Thybulle,997
Jordan Poole,998
Eric Paschall,999
Nicolò Melli,1000
Ky Bowman,1001
Goga Bitadze,1002
Brandon Clarke,1003
Aaron Holiday,1004
Jarrett Culver,1005
Nassir Little,1006
Donte DiVincenzo,1007
Terance Mann,1008
Jaxson Hayes,1009
Kevin Porter Jr.,1010
Tony Bradley,1011
Svi Mykhailiuk,1012
Grant Williams,1013
Darius Bazley,1014
Bruno Fernando,1015
Admiral Schofield,1016
Johnathan Williams,1017
Michael Porter Jr.,1018
Isaiah Hartenstein,1019
Kelan Martin,1020
Sekou Doumbouya,1021
Derrick Walton,1022
Lonnie Walker IV,1023
Harry Giles,1024
Terence Davis,1025
Daniel Gafford,1026
Brandon Goodwin,1027
Luguentz Dort,1028
Zion Williamson,1029
Jerome Robinson,1030
Shake Milton,1031
Ryan Broekhoff,1032
Thanasis Antetokounmpo,1033
Wenyen Gabriel,1034
Javonte Green,1035
Cody Martin,1036
Romeo Langford,1037
Jordan McLaughlin,1038
Cameron Johnson,1039
Caleb Martin,1040
Naz Reid,1041
Malik Monk,1042
Juan Toscano-Anderson,1043
Drew Eubanks,1044
Mychal Mulder,1045
Brad Wanamaker,1046
Brian Bowen,1047
Coby White,1048
Chris Chiozza,1049
Miye Oni,1050
Georges Niang,1051
Tremont Waters,1052
Talen Horton-Tucker,1053
Luka ?amani?,1054
Keldon Johnson,1055
Nickeil Alexander-Walker,1056
Matt Thomas,1057
Alize Johnson,1058
Amir Coffey,1059
Juwan Morgan,1060
James Wiseman,1061
Isaac Okoro,1062
Deni Avdija,1063
Patrick Williams,1064
Killian Hayes,1065
Saddiq Bey,1066
Isaiah Roby,1067
Cole Anthony,1068
Isaiah Joe,1069
Tyrese Maxey,1070
Dakota Mathias,1071
Josh Green,1072
Tyrese Haliburton,1073
Gabe Vincent,1074
Precious Achiuwa,1075
Bol Bol,1076
Jae'Sean Tate,1077
Mason Jones,1078
KZ Okpala,1079
Jarred Vanderbilt,1080
Xavier Tillman Sr.,1081
Onyeka Okongwu,1082
Théo Maledon,1083
Anthony Gill,1084
Anthony Edwards,1085
LaMelo Ball,1086
Carsen Edwards,1087
Desmond Bane,1088
Devin Vassell,1089
Isaiah Stewart,1090
Garrison Mathews,1091
Payton Pritchard,1092
DaQuan Jeffries,1093
Facundo Campazzo,1094
Jaden McDaniels,1095
Chris Boucher,1096
Zeke Nnaji,1097
Dean Wade,1098
Justin Patton,1099
Jalen McDaniels,1100
Yuta Watanabe,1101
Nico Mannion,1102
Aleksej Pokusevski,1103
Chuma Okeke,1104
Ty Jerome,1105
Moses Brown,1106
Immanuel Quickley,1107
Alen Smailagi?,1108
Devontae Cacok,1109
Jordan Nwora,1110
Sam Merrill,1111
Axel Toupane,1112
Saben Lee,1113
Brodric Thomas,1114
Naji Marshall,1115
R.J. Hampton,1116
Malachi Flynn,1117
Nic Claxton,1118
Vernon Carey Jr.,1119
Paul Watson,1120
Tyler Cook,1121
Oshae Brissett,1122
Armoni Brooks,1123
KJ Martin,1124
PJ Dozier,1125
Chimezie Metu,1126
Charlie Brown Jr.,1127
Tre Jones,1128
Anthony Lamb,1129
Aaron Nesmith,1130
Khyri Thomas,1131
Jalen Harris,1132
Markus Howard,1133
Vlatko ?an?ar,1134
Freddie Gillespie,1135
Jay Scrubb,1136
Killian Tillie,1137
Jalen Smith,1138
Mamadi Diakite,1139
Josh Hall,1140
Louis King,1141
Chris Duarte,1142
Scottie Barnes,1143
Evan Mobley,1144
Jalen Green,1145
Franz Wagner,1146
Jalen Suggs,1147
Josh Giddey,1148
Herbert Jones,1149
Jeremiah Robinson-Earl,1150
Cade Cunningham,1151
Alperen Sengun,1152
Paul Reed,1153
Luka Garza,1154
Aaron Wiggins,1155
Nick Richards,1156
Tre Mann,1157
Sandro Mamukelashvili,1158
Ayo Dosunmu,1159
Leandro Bolmaro,1160
Quentin Grimes,1161
David Duke Jr.,1162
Davion Mitchell,1163
Moses Moody,1164
Josh Christopher,1165
Kessler Edwards,1166
Cam Thomas,1167
Jonathan Kuminga,1168
Lamar Stevens,1169
Javonte Smart,1170
Max Strus,1171
Hassani Gravett,1172
Skylar Mays,1173
Tacko Fall,1174
Corey Kispert,1175
Omer Yurtseven,1176
Dalano Banton,1177
John Konchar,1178
Chaundee Brown Jr.,1179
Nathan Knight,1180
Kevin Pangos,1181
Duane Washington Jr.,1182
Obi Toppin,1183
Miles McBride,1184
Trent Forrest,1185
Cassius Stanley,1186
Keifer Sykes,1187
Udoka Azubuike,1188
Ziaire Williams,1189
Joshua Primo,1190
Elijah Hughes,1191
Jared Butler,1192
Day'Ron Sharpe,1193
Jock Landale,1194
Jose Alvarado,1195
Jaylen Nowell,1196
Isaiah Jackson,1197
Terry Taylor,1198
CJ Elleby,1199
Bones Hyland,1200
Austin Reaves,1201
Keon Johnson,1202
Keljin Blevins,1203
Brandon Williams,1204
Trendon Watford,1205
Lindy Waters III,1206
Olivier Sarr,1207
Jericho Sims,1208
Vit Krejci,1209
Usman Garuba,1210
Greg Brown III,1211
Isaiah Livers,1212
Jaylen Hoard,1213
Ignas Brazdeikis,1214
Zavier Simpson,1215
Georgios Kalaitzakis,1216
Haywood Highsmith,1217
Trey Murphy III,1218
Reggie Perry,1219
Didi Louzada,1220
Paolo Banchero,1221
Jaden Ivey,1222
Jabari Smith Jr.,1223
Santi Aldama,1224
Jeremy Sochan,1225
Christian Koloko,1226
Keegan Murray,1227
Shaedon Sharpe,1228
Jalen Williams,1229
Malaki Branham,1230
MarJon Beauchamp,1231
Andrew Nembhard,1232
Nikola Jovi?,1233
AJ Griffin,1234
Jordan Goodwin,1235
Caleb Houstan,1236
Wendell Moore Jr.,1237
Jalen Johnson,1238
Dyson Daniels,1239
David Roddy,1240
Ish Wainright,1241
Bennedict Mathurin,1242
Walker Kessler,1243
Dru Smith,1244
Jalen Duren,1245
Charles Bassey,1246
Moussa Diabaté,1247
Eugene Omoruyi,1248
Christian Braun,1249
Jaylin Williams,1250
Max Christie,1251
Orlando Robinson,1252
Daishen Nix,1253
Tari Eason,1254
Bryce McGowens,1255
Sam Hauser,1256
McKinley Wright IV,1257
Blake Wesley,1258
Mark Williams,1259
Ochai Agbaji,1260
Brandon Boston Jr.,1261
TyTy Washington Jr.,1262
JT Thor,1263
Simone Fontecchio,1264
Jaden Hardy,1265
Julian Champagnie,1266
Johnny Davis,1267
Jeenathan Williams,1268
John Butler,1269
Peyton Watson,1270
Jaden Springer,1271
Lindell Wigginton,1272
A.J. Green,1273
Isaiah Todd,1274
Xavier Cooks,1275
Theo Pinson,1276
Vince Williams Jr.,1277
Kenneth Lofton Jr.,1278
Ousmane Dieng,1279
Ausar Thompson,1280
Chet Holmgren,1281
Victor Wembanyama,1282
Scoot Henderson,1283
Dereck Lively II,1284
Jaime Jaquez Jr.,1285
Bilal Coulibaly,1286
Jordan Hawkins,1287
Matt Ryan,1288
Cason Wallace,1289
Anthony Black,1290
Brandon Miller,1291
Keyonte George,1292
Keon Ellis,1293
Jacob Gilyard,1294
Toumani Camara,1295
Andre Jackson Jr.,1296
Gradey Dick,1297
Craig Porter Jr.,1298
Duop Reath,1299
Brandin Podziemski,1300
Trayce Jackson-Davis,1301
Jamal Cain,1302
Ibou Badji,1303
Dalen Terry,1304
Dominick Barlow,1305
Jabari Walker,1306
Jontay Porter,1307
Amen Thompson,1308
Cam Whitmore,1309
Scotty Pippen Jr.,1310
GG Jackson II,1311
Trey Jemison,1312
Kris Murray,1313
Leaky Black,1314
Jalen Wilson,1315
Ashton Hagans,1316
Taylor Hendricks,1317
Vasilije Mici?,1318
Brice Sensabaugh,1319
Jake LaRavia,1320
Justin Champagnie,1321
Patrick Baldwin Jr.,1322
Marcus Sasser,1323
Stanley Umude,1324
Tosan Evbuomwan,1325
Javon Freeman-Liberty,1326
Johnny Juzang,1327
Jahmi'us Ramsey,1328
Rayan Rupert,1329
Ben Sheppard,1330
Tristan Vukcevic,1331
Malik Williams,1332
Mãozinha Pereira,1333
Noah Clowney,1334
Onuralp Bitim,1335
Marques Bolden,1336
Jordan Walsh,1337
Xavier Moon,1338
Olivier-Maxence Prosper,1339
Justin Minaya,1340
